Include,Sensor Location,Sensor Type,Sample ID,Loading Sample ID,Conc. (nM),Response,X=0,X=295,KD (M),KD2,Full  X^2,Full  R^2,kon(1/Ms),kdis(1/s),Rmax
x,A1,Demo sensor,Target X,Binder A,1000,0.5504,0.00316,0.55043,5.02E-09,<1.0E-12,0.004602,0.998811,2.00E+05,1.00E-03,0.5501
x,A1,Demo sensor,Target X/Partner Z,Binder A,1000,0.5505,0.00041,0.55049,9.98E-10,<1.0E-12,0.004956,0.996202,4.00E+05,3.99E-04,0.5499
x,A1,Demo sensor,Partner Z,Binder A,1000,0.0019,0.00164,0.00190,<1.0E-12,<1.0E-12,9.99,0.0,<1.0E-12,<1.0E-07,
x,B1,Demo sensor,Target X,Binder A,333.333,0.5418,-0.00122,0.54176,4.99E-09,<1.0E-12,0.004885,0.999139,2.00E+05,9.99E-04,0.5500
x,B1,Demo sensor,Target X/Partner Z,Binder A,333.333,0.5491,0.00192,0.54913,9.91E-10,<1.0E-12,0.005079,0.998013,4.01E+05,3.98E-04,0.5499
x,B1,Demo sensor,Partner Z,Binder A,333.333,0.0064,0.00127,0.00643,<1.0E-12,<1.0E-12,9.99,0.0,<1.0E-12,<1.0E-07,
x,C1,Demo sensor,Target X,Binder A,111.111,0.5267,-0.00012,0.52673,5.00E-09,<1.0E-12,0.004917,0.999485,2.00E+05,1.00E-03,0.5501
x,C1,Demo sensor,Target X/Partner Z,Binder A,111.111,0.5478,-0.00147,0.54777,1.00E-09,<1.0E-12,0.004904,0.999183,3.99E+05,4.00E-04,0.5501
x,C1,Demo sensor,Partner Z,Binder A,111.111,0.0028,-0.00110,0.00283,<1.0E-12,<1.0E-12,9.99,0.0,<1.0E-12,<1.0E-07,
x,D1,Demo sensor,Target X,Binder A,37.037,0.4428,-0.00214,0.44285,4.99E-09,<1.0E-12,0.004426,0.999616,2.00E+05,9.99E-04,0.5497
x,D1,Demo sensor,Target X/Partner Z,Binder A,37.037,0.5314,-0.00039,0.53141,9.97E-10,<1.0E-12,0.004981,0.999617,4.00E+05,3.99E-04,0.5500
x,D1,Demo sensor,Partner Z,Binder A,37.037,0.0034,-0.00331,0.00342,<1.0E-12,<1.0E-12,9.99,0.0,<1.0E-12,<1.0E-07,
x,E1,Demo sensor,Target X,Binder A,12.3457,0.2508,-0.00453,0.25083,4.92E-09,<1.0E-12,0.004793,0.999018,2.02E+05,9.93E-04,0.5456
x,E1,Demo sensor,Target X/Partner Z,Binder A,12.3457,0.4064,0.00018,0.40635,1.01E-09,<1.0E-12,0.004811,0.999629,3.98E+05,4.02E-04,0.5512
x,E1,Demo sensor,Partner Z,Binder A,12.3457,0.0015,0.00179,0.00152,<1.0E-12,<1.0E-12,9.99,0.0,<1.0E-12,<1.0E-07,
x,F1,Demo sensor,Target X,Binder A,4.11523,0.0988,-0.00188,0.09880,4.64E-09,<1.0E-12,0.005070,0.994486,2.11E+05,9.78E-04,0.5221
x,F1,Demo sensor,Target X/Partner Z,Binder A,4.11523,0.2012,-0.00422,0.20120,1.01E-09,<1.0E-12,0.004887,0.998774,3.99E+05,4.01E-04,0.5512
x,F1,Demo sensor,Partner Z,Binder A,4.11523,0.0044,-0.00192,0.00442,<1.0E-12,<1.0E-12,9.99,0.0,<1.0E-12,<1.0E-07,
x,G1,Demo sensor,Target X,Binder A,1.37174,0.0404,0.00244,0.04040,3.39E-09,<1.0E-12,0.005016,0.959744,2.91E+05,9.89E-04,0.3828
x,G1,Demo sensor,Target X/Partner Z,Binder A,1.37174,0.0792,-0.00074,0.07923,1.03E-09,<1.0E-12,0.004831,0.992552,3.94E+05,4.06E-04,0.5587
x,G1,Demo sensor,Partner Z,Binder A,1.37174,0.0043,-0.00077,0.00430,<1.0E-12,<1.0E-12,9.99,0.0,<1.0E-12,<1.0E-07,
x,H1,Demo sensor,Target X,Binder A,0.457247,0.0111,-0.00376,0.01113,<1.0E-12,<1.0E-12,9.99,0.0,<1.0E-12,<1.0E-07,
x,H1,Demo sensor,Target X/Partner Z,Binder A,0.457247,0.0262,0.00180,0.02621,5.51E-10,<1.0E-12,0.004975,0.943432,6.58E+05,3.62E-04,0.3394
x,H1,Demo sensor,Partner Z,Binder A,0.457247,0.0029,-0.00041,0.00291,<1.0E-12,<1.0E-12,9.99,0.0,<1.0E-12,<1.0E-07,
x,A2,Demo sensor,Target X,Binder B,1000,0.5265,0.00189,0.52654,5.01E-08,<1.0E-12,0.004632,0.999830,9.97E+04,5.00E-03,0.5502
x,A2,Demo sensor,Target X/Partner Z,Binder B,1000,0.5396,-0.00289,0.53957,2.00E-08,<1.0E-12,0.004898,0.999782,2.00E+05,4.00E-03,0.5500
x,A2,Demo sensor,Partner Z,Binder B,1000,0.1829,0.00486,0.18289,1.99E-06,<1.0E-12,0.004766,0.999451,2.01E+04,4.00E-02,0.5478
x,B2,Demo sensor,Target X,Binder B,333.333,0.4794,-0.00242,0.47935,5.00E-08,<1.0E-12,0.005071,0.999773,9.99E+04,5.00E-03,0.5501
x,B2,Demo sensor,Target X/Partner Z,Binder B,333.333,0.5199,0.00305,0.51985,2.00E-08,<1.0E-12,0.004805,0.999771,2.00E+05,4.00E-03,0.5500
x,B2,Demo sensor,Partner Z,Binder B,333.333,0.0799,-0.00053,0.07993,2.01E-06,<1.0E-12,0.004937,0.996850,1.98E+04,3.98E-02,0.5531
x,C2,Demo sensor,Target X,Binder B,111.111,0.3781,-0.00203,0.37812,4.98E-08,<1.0E-12,0.005004,0.999610,1.00E+05,4.99E-03,0.5489
x,C2,Demo sensor,Target X/Partner Z,Binder B,111.111,0.4631,-0.00076,0.46307,2.00E-08,<1.0E-12,0.004787,0.999717,2.00E+05,4.00E-03,0.5498
x,C2,Demo sensor,Partner Z,Binder B,111.111,0.0269,-0.00437,0.02690,1.64E-06,<1.0E-12,0.004903,0.977422,2.52E+04,4.12E-02,0.4554
x,D2,Demo sensor,Target X,Binder B,37.037,0.2142,-0.00015,0.21421,5.02E-08,<1.0E-12,0.004592,0.998839,9.96E+04,5.00E-03,0.5515
x,D2,Demo sensor,Target X/Partner Z,Binder B,37.037,0.3444,0.00011,0.34440,2.02E-08,<1.0E-12,0.004822,0.999456,1.99E+05,4.01E-03,0.5523
x,D2,Demo sensor,Partner Z,Binder B,37.037,0.0075,0.00246,0.00753,<1.0E-12,<1.0E-12,9.99,0.0,<1.0E-12,<1.0E-07,
x,E2,Demo sensor,Target X,Binder B,12.3457,0.0915,-0.00307,0.09148,4.66E-08,<1.0E-12,0.005241,0.992487,1.07E+05,4.99E-03,0.5183
x,E2,Demo sensor,Target X/Partner Z,Binder B,12.3457,0.1794,-0.00518,0.17936,1.98E-08,<1.0E-12,0.004769,0.997972,2.01E+05,4.00E-03,0.5465
x,E2,Demo sensor,Partner Z,Binder B,12.3457,0.0042,0.00220,0.00421,<1.0E-12,<1.0E-12,9.99,0.0,<1.0E-12,<1.0E-07,
x,F2,Demo sensor,Target X,Binder B,4.11523,0.0354,0.00235,0.03540,4.71E-08,<1.0E-12,0.004718,0.951026,1.08E+05,5.09E-03,0.5159
x,F2,Demo sensor,Target X/Partner Z,Binder B,4.11523,0.0715,-0.00132,0.07148,1.88E-08,<1.0E-12,0.004937,0.986834,2.11E+05,3.98E-03,0.5208
x,F2,Demo sensor,Partner Z,Binder B,4.11523,-0.0017,0.00273,-0.00173,<1.0E-12,<1.0E-12,9.99,0.0,<1.0E-12,<1.0E-07,
x,G2,Demo sensor,Target X,Binder B,1.37174,0.0133,-0.00043,0.01328,<1.0E-12,<1.0E-12,9.99,0.0,<1.0E-12,<1.0E-07,
x,G2,Demo sensor,Target X/Partner Z,Binder B,1.37174,0.0250,-0.00019,0.02503,<1.0E-12,<1.0E-12,9.99,0.0,<1.0E-12,<1.0E-07,
x,G2,Demo sensor,Partner Z,Binder B,1.37174,0.0001,-0.00131,0.00010,<1.0E-12,<1.0E-12,9.99,0.0,<1.0E-12,<1.0E-07,
x,H2,Demo sensor,Target X,Binder B,0.457247,0.0009,0.00065,0.00094,<1.0E-12,<1.0E-12,9.99,0.0,<1.0E-12,<1.0E-07,
x,H2,Demo sensor,Target X/Partner Z,Binder B,0.457247,0.0104,-0.00273,0.01036,<1.0E-12,<1.0E-12,9.99,0.0,<1.0E-12,<1.0E-07,
x,H2,Demo sensor,Partner Z,Binder B,0.457247,0.0005,0.00213,0.00051,<1.0E-12,<1.0E-12,9.99,0.0,<1.0E-12,<1.0E-07,
